,Nom scientifique,Nom français,Code,Nom arabe,Noms vernaculaires,Origine géographique,Mois de débourrement,Période de croissance végétative,Période de floraison,Période de fructification,Période de maturité des fruits,Période de chute des feuilles,Type de feuillage,Division,Classe,Ordre,Famille,Genre,Type de plante,Hauteur moyenne ou maximale,Type de feuilles,Forme des feuilles,Bord des feuilles,Disposition des feuilles,Couleur des fleurs,Structure florale,Type de fruit,Type de racine,intérêts
espèce1,Vicia faba,Fève,Ang_Mag_Fab_Vic,فول,['Loubia beldia'],"['Moyen-Orient', 'Afrique du Nord']",Mars,Mars à Juin,Avril à Mai,Mai à Juillet,Juin à Juillet,Juillet,Caduc,Angiosperme,Magnoliopsida,Fabales,Fabaceae,Vicia,Herbacée,0.5 à 1.8 m,Composées,Ovales,Entier,Alterne,Blanc avec des taches noires,Papilionacée,Gousse,Pivotante,"['- Culinaire: Utilisée dans de nombreux plats traditionnels, les graines sont consommées fraîches, séchées ou en purée.', '- Agricole: Utilisée comme engrais vert pour enrichir le sol en azote.', '- Médicinal: Utilisée dans la médecine traditionnelle pour ses propriétés diurétiques et digestives.']"
espèce2,Salvia × lavandulacea,Sauge lavandulée,Ang_Dic_Lam_Sal,,,['Méditerranée'],Mars,Avril à septembre,Mai à juillet,Juillet à août,Août,Novembre,Persistant,Angiosperme,Dicotylédones,Lamiales,Lamiaceae,Salvia,Arbuste,0.5 à 1 mètre,Simple,Lancéolée,Denté,Opposée,Bleu lavande,Bilabiée,Akène,Fasciculée,"['- Ornemental: Utilisée dans les jardins pour ses fleurs attrayantes et son feuillage persistant.', '- Culinaire: Les feuilles peuvent être utilisées pour aromatiser des plats.']"
espèce3,Pittosporum heterophyllum,Pittospore à feuilles variables,Ang_Mag_Pit_Pit,,,"['Chine', 'Himalaya']",Mars à avril,Avril à septembre,Avril à mai,Juin à août,Août à septembre,,Persistant,Angiosperme,Magnoliopsida,Apiales,Pittosporaceae,Pittosporum,Arbuste,1 à 3 mètres,Simple,Ovale à lancéolée,Entier,Alternée,Jaune pâle,Petites fleurs en grappes,Capsule,Fasciculée,['- Ornemental: Utilisé dans les jardins pour ses feuilles persistantes et sa floraison parfumée.']
espèce4,Ficus elastica,Figuier caoutchouc,Ang_Mag_Mor_Fic,فيكس إيلاستيكا,,"['Inde', 'Indonésie', 'Népal', 'Bhoutan', 'Birmanie', 'Malaisie']",,Printemps à été,,,,,Persistant,Angiosperme,Magnoliopsida,Rosales,Moraceae,Ficus,Arbre,Jusqu'à 30 mètres dans son habitat naturel,Simple,Ovale à elliptique,Entier,Alterne,Inconspicue,Inflorescence en sycone,Sycone,Aérienne et adventive,"[""- Ornemental: Utilisé comme plante d'intérieur pour sa capacité à purifier l'air et son feuillage décoratif."", '- Industriel: Source de latex utilisé pour produire du caoutchouc.']"
espèce5,Pinus halepensis,Pin d'Alep,Gym_Pin_Pin_Pin,صنوبر حلبي,['زريبت'],"['Méditerranée', 'Espagne', 'France', 'Italie', 'Grèce', 'Maroc', 'Algérie', 'Tunisie']",Mars à avril,Avril à septembre,Avril à mai,Septembre à octobre,18 à 24 mois après la pollinisation,,Persistant,Gymnosperme,Pinopsida,Pinales,Pinaceae,Pinus,Arbre,15 à 25 mètres,Aiguilles,Aiguilles fines et longues,Lisse,Fasciculées par deux,"Jaune (mâle), rougeâtre (femelle)",Cônes unisexués,Cône,Pivotante avec racines latérales,"['- Ornemental: Utilisé dans les parcs et jardins pour sa résistance à la sécheresse et son aspect esthétique.', ""- Écologique: Joue un rôle important dans la stabilisation des sols et la prévention de l'érosion."", '- Industriel: Le bois est utilisé pour la fabrication de meubles et de charpentes.']"
espèce6,Argania spinosa,Arganier,Ang_Eud_Sap_Arg,الأركان,"['Targant', 'Aghram']","['Maroc', 'Algérie']",Mars à avril,Avril à septembre,Mai à juin,Juin à juillet,Juillet à août,Novembre à décembre,Persistant,Angiosperme,Eudicots,Sapotales,Sapotaceae,Argania,Arbre,8 à 10 mètres,Simple,Elliptique,Entier,Alternée,Jaune verdâtre,"Petites, en grappes",Drupe,Pivotante,"[""- Médicinal: L'huile d'argan est utilisée pour ses propriétés anti-inflammatoires et antioxydantes."", ""- Culinaire: L'huile d'argan est utilisée comme huile alimentaire, notamment dans la cuisine marocaine."", ""- Cosmétique: L'huile d'argan est utilisée dans les produits de soin pour la peau et les cheveux."", ""- Écologique: L'arganier joue un rôle important dans la lutte contre la désertification.""]"
espèce7,Myoporum laetum,Myoporum brillant,Ang_Mag_Scr_Myo,,,['Nouvelle-Zélande'],Mars,Printemps à été,Printemps à été,Été à automne,Automne,,Persistant,Angiosperme,Magnoliopsida,Lamiales,Scrophulariaceae,Myoporum,Arbuste,Jusqu'à 10 mètres,Simple,Lancéolée,Denté,Alternée,Blanc,Petites fleurs en grappes,Drupe,Fasciculée,"['- Ornemental: Utilisé dans les jardins pour son feuillage persistant et sa floraison attrayante.', '- Écologique: Peut être utilisé pour la stabilisation des sols dans les zones côtières.']"
espèce8,Pelargonium zonale,Géranium zonal,Ang_Mag_Ger_Pel,,,['Afrique du Sud'],Mars à avril,Printemps à été,Mai à septembre,Juillet à octobre,Août à octobre,Novembre à décembre,Persistant,Angiosperme,Magnoliopsida,Geraniales,Geraniaceae,Pelargonium,Arbuste,30 à 90 cm,Simple,Ronde à réniforme,Lobé,Alternée,"Rose, rouge, blanc, violet",Inflorescence en ombelle,Capsule,Fasciculée,"[""- Ornemental: Utilisé pour la décoration des jardins, balcons et terrasses en raison de ses fleurs colorées et de sa facilité d'entretien."", '- Médicinal: Utilisé en médecine traditionnelle pour ses propriétés antiseptiques et anti-inflammatoires.']"
espèce9,Kleinia neriifolia,Séneçon à feuilles de laurier,Ang_Mag_Ast_Kle,,,['Îles Canaries'],,Printemps à été,Hiver,Fin hiver à début printemps,,,Persistant,Angiosperme,Magnoliopsida,Asterales,Asteraceae,Kleinia,Arbuste,1 à 2 mètres,Simple,Lancéolée,Entier,Alternée,Jaune,Capitule,Akène,Fasciculée,"['- Ornemental: Utilisé dans les jardins pour son aspect décoratif et sa résistance à la sécheresse.', ""- Écologique: Contribue à la biodiversité locale et offre un habitat pour certaines espèces d'insectes.""]"
espèce10,Lavandula dentata,Lavande dentée,Ang_Mag_Lam_Lav,الخزامى المسننة,,"['Méditerranée occidentale', 'Espagne', 'Portugal', 'Afrique du Nord']",Mars,Avril à septembre,Juin à août,Août à septembre,Septembre,,Persistant,Angiosperme,Magnoliopsida,Lamiales,Lamiaceae,Lavandula,Arbuste,0.6 à 1 mètre,Simple,Lancéolée,Denté,Opposée,Violet pâle,Épis,Akène,Fasciculée,"['- Ornemental: Utilisée dans les jardins pour ses fleurs attrayantes et son feuillage aromatique.', '- Médicinal: Utilisée en aromathérapie pour ses propriétés relaxantes et apaisantes.']"
espèce11,Rosa abietina,Rosier des sapins,Ang_Mag_Ros_Ros,,,"['Europe', 'Asie occidentale']",Avril,Avril à Septembre,Mai à Juillet,Août à Octobre,Septembre à Octobre,Octobre à Novembre,Caduc,Angiosperme,Magnoliopsida,Rosales,Rosaceae,Rosa,Arbuste,1 à 2 mètres,Composées,Ovale,Dentelé,Alternée,Rose,Simple,Cynorhodon,Fasciculée,"['- Ornemental: Utilisé dans les jardins pour ses belles fleurs et son feuillage attrayant.', '- Écologique: Fournit un habitat et de la nourriture pour les insectes pollinisateurs et les oiseaux.']"
espèce13,Argyranthemum frutescens,Marguerite des Canaries,Ang_Mag_Ast_Arg,,,['Îles Canaries'],Mars,Mars à octobre,Avril à octobre,Juillet à octobre,Août à octobre,Novembre à février,Persistant,Angiosperme,Magnoliopsida,Asterales,Asteraceae,Argyranthemum,Arbuste,0.5 à 1 mètre,Simple,Lancéolée,Denté,Alternée,"Blanc, rose, jaune",Capitule,Akène,Fasciculée,['- Ornemental: Utilisée dans les jardins pour ses fleurs attrayantes et sa longue période de floraison.']
espèce14,Melaleuca viminalis,Melaleuca à feuilles de saule,Ang_Mag_Myr_Mel,,,['Australie'],Printemps,Printemps à été,Printemps à été,Été à automne,Automne,,Persistant,Angiosperme,Magnoliopsida,Myrtales,Myrtaceae,Melaleuca,Arbre,Jusqu'à 10 mètres,Simple,Lancéolée,Entier,Alternée,Rouge,Épis cylindriques,Capsule ligneuse,Pivotante,"['- Ornemental: Utilisé dans les jardins pour ses fleurs rouges attrayantes et son feuillage persistant.', '- Écologique: Planté pour la stabilisation des sols et la restauration des habitats.']"
espèce15,Yucca gigantea,Yucca géant,Ang_Lil_Asp_Yuc,,,"['Mexique', 'Amérique centrale']",,Printemps à été,Été,,,,Persistant,Angiosperme,Liliopsida,Asparagales,Asparagaceae,Yucca,Arbre,Jusqu'à 10 mètres,Simple,Lancéolée,Lisse,Rosette,Blanc,Inflorescence en panicule,Capsule,Fasciculée,"['- Ornemental: Utilisé dans les jardins et les aménagements paysagers pour son aspect exotique et sa résistance à la sécheresse.', '- Écologique: Peut être utilisé pour la stabilisation des sols dans les régions arides.']"
espèce16,Ficus retusa,Figuier à petites feuilles,Ang_Mag_Mor_Fic,فيكس ريتوزا,,"['Asie du Sud-Est', 'Malaisie', 'Indonésie', 'Philippines']",Mars à avril,Printemps à été,Printemps,Été,Fin été,Persistant,Persistant,Angiosperme,Magnoliopsida,Rosales,Moraceae,Ficus,Arbre,Jusqu'à 10 mètres,Simple,Elliptique,Entier,Alterne,Inconspicue,Inflorescence en sycone,Sycone,Racines aériennes et souterraines,"[""- Ornemental: Utilisé comme plante d'intérieur et pour la création de bonsaïs en raison de son feuillage dense et de sa capacité à être taillé."", ""- Écologique: Fournit un habitat pour diverses espèces d'insectes et d'oiseaux.""]"
espèce17,Washingtonia filifera,Palmier de Californie,Ang_Lil_Are_Was,,,"['Californie', 'Arizona', 'Mexique']",,Printemps à été,Printemps,Été,Fin été à début automne,,Persistant,Angiosperme,Liliopsida,Arecales,Arecaceae,Washingtonia,Arbre,15-20 mètres,Palmées,En éventail,Lisse,Rosette,Blanc crème,Inflorescence en panicule,Drupe,Fasciculée,"['- Ornemental: Utilisé dans les jardins et les parcs pour son aspect tropical et sa résistance à la sécheresse.', '- Écologique: Fournit un habitat pour la faune locale, notamment les oiseaux et les insectes.']"
espèce18,Citrus maxima,Pamplemoussier,Ang_Mag_Rut_Cit,بوملي,,"['Asie du Sud-Est', 'Malaisie', 'Indonésie']",Mars à avril,Printemps à été,Avril à mai,Été à automne,Octobre à décembre,,Persistant,Angiosperme,Magnoliopsida,Sapindales,Rutaceae,Citrus,Arbre,5 à 15 mètres,Simple,Ovale à elliptique,Entier,Alternée,Blanc,Fleurs solitaires ou en petites grappes,Hespéride,Pivotante,"['- Culinaire: Le fruit est consommé frais ou utilisé dans les salades et desserts.', '- Médicinal: Utilisé dans la médecine traditionnelle pour ses propriétés digestives et antioxydantes.', '- Ornemental: Cultivé pour son feuillage persistant et ses grands fruits décoratifs.']"
espèce19,Gazania rigens,Gazanie,Ang_Mag_Ast_Gaz,,,['Afrique du Sud'],Mars,Printemps à été,Printemps à automne,Été à automne,Automne,N/A,Persistant,Angiosperme,Magnoliopsida,Asterales,Asteraceae,Gazania,Herbacée,15-30 cm,Simple,Lancéolée,Entier,Rosette basale,"Jaune, orange, rouge",Capitule,Akène,Pivotante,"['- Ornemental: Utilisée pour ses fleurs colorées dans les jardins et les massifs.', '- Écologique: Attire les pollinisateurs tels que les abeilles et les papillons.']"
espèce20,Carissa macrocarpa,Carisse à gros fruits,Ang_Mag_Apo_Car,,,['Afrique du Sud'],Mars à avril,Printemps à été,Printemps à été,Été à automne,Automne,,Persistant,Angiosperme,Magnoliopsida,Gentianales,Apocynaceae,Carissa,Arbuste,1 à 2 mètres,Simple,Ovale,Entier,Opposée,Blanc,Tubulaire,Baie,Pivotante,"['- Ornemental: Utilisé pour ses fleurs parfumées et ses fruits décoratifs dans les jardins.', '- Culinaire: Les fruits sont comestibles et peuvent être utilisés pour faire des confitures et des gelées.']"
espèce21,Yucca gigantea,Yucca géant,Ang_Lil_Asp_Yuc,,,"['Mexique', 'Amérique centrale']",,Printemps à été,Été,,,,Persistant,Angiosperme,Liliopsida,Asparagales,Asparagaceae,Yucca,Arbre,Jusqu'à 10 mètres,Simple,Lancéolée,Entier,Rosette,Blanc,Inflorescence en panicule,Capsule,Fasciculée,"['- Ornemental: Utilisé dans les jardins et les aménagements paysagers pour son apparence exotique et sa résistance à la sécheresse.', '- Écologique: Peut être utilisé pour la stabilisation des sols dans les régions arides.']"
espèce22,Brachychiton acerifolius,Brachychiton à feuilles d'érable,Ang_Mag_Mal_Bra,,,['Australie'],Septembre à Novembre,Printemps à été,Octobre à Décembre,Décembre à Février,Février à Avril,"Variable, souvent en hiver",Caduc,Angiosperme,Magnoliopsida,Malvales,Malvaceae,Brachychiton,Arbre,10 à 40 mètres,Simple,Palmé,Lobé,Alternée,Rouge vif,Fleurs en cloche,Capsule,Pivotante,"['- Ornemental: Utilisé dans les jardins et parcs pour ses fleurs spectaculaires et son feuillage attrayant.', ""- Écologique: Fournit de l'habitat et de la nourriture pour la faune locale, notamment les oiseaux et les insectes.""]"
espèce23,Melaleuca viminalis,Melaleuca à feuilles de saule,Ang_Mag_Myr_Mel,,,['Australie'],Septembre à octobre,Printemps à été,Printemps à été,Été à automne,Automne,,Persistant,Angiosperme,Magnoliopsida,Myrtales,Myrtaceae,Melaleuca,Arbre,Jusqu'à 10 mètres,Simple,Linéaire à lancéolé,Entier,Alternée,Rouge,Épis cylindriques,Capsule ligneuse,Pivotante,"['- Ornemental: Utilisé dans les jardins pour ses fleurs rouges attrayantes et son feuillage persistant.', '- Écologique: Planté pour la stabilisation des sols et la réhabilitation des zones dégradées.']"
espèce24,Washingtonia robusta,Palmier de Washington,Ang_Lil_Are_Was,,,"['Mexique', 'Sud-ouest des États-Unis']",,Printemps à été,Printemps,Été,Fin été à début automne,Persistant,Persistant,Angiosperme,Liliopsida,Arecales,Arecaceae,Washingtonia,Arbre,Jusqu'à 30 mètres,Palmé,Palmé,Entier,Rosette,Blanc crème,Inflorescence en panicule,Drupe,Fasciculé,"['- Ornemental: Utilisé dans les jardins et les parcs pour son aspect esthétique et sa grande taille.', ""- Écologique: Fournit un habitat pour certaines espèces d'oiseaux et d'insectes.""]"
espèce25,Bonellia macrocarpa,Bonellia à gros fruits,Ang_Eud_Pri_Bon,,,"['Amérique centrale', 'Amérique du Sud']",,,Printemps,Été,,,Persistant,Angiosperme,Eudicots,Ericales,Primulaceae,Bonellia,Arbuste,Jusqu'à 5 mètres,Simple,Elliptique,Entier,Opposé,Blanc,Actinomorphe,Baie,Pivotante,"['- Ornemental: Utilisé dans les jardins pour son feuillage persistant et ses fleurs blanches attrayantes.', '- Écologique: Fournit de la nourriture pour la faune locale, notamment les oiseaux qui consomment ses fruits.']"
espèce26,Jasminum mesnyi,Jasmin de Mesny,Ang_Mag_Ole_Jas,,,"['Chine', 'Vietnam']",Mars,Printemps à été,Printemps,Été,Fin été,N/A,Persistant,Angiosperme,Magnoliopsida,Lamiales,Oleaceae,Jasminum,Arbuste,1 à 3 mètres,Simple,Ovale,Entier,Opposée,Jaune,Tubulaire,Baie,Fasciculée,['- Ornemental: Utilisé pour ses fleurs jaunes décoratives dans les jardins et les parcs.']
espèce27,Myoporum tenuifolium,Myoporum à feuilles étroites,Ang_Mag_Scr_Myo,,,"['Australie', 'Nouvelle-Zélande']",,,Printemps,,,,Persistant,Angiosperme,Magnoliopsida,Lamiales,Scrophulariaceae,Myoporum,Arbuste,1 à 3 mètres,Simple,Lancéolée,Entier,Alterne,Blanc,Tubulaire,Drupe,Fasciculée,['- Ornemental: Utilisé dans les jardins pour ses feuilles persistantes et sa floraison attrayante.']
espèce28,Brachychiton populneus,Brachychiton à feuilles de peuplier,Ang_Mag_Mal_Bra,,,['Australie'],Mars à avril,Printemps à été,Printemps,Été à automne,Automne,Persistant,Persistant,Angiosperme,Magnoliopsida,Malvales,Malvaceae,Brachychiton,Arbre,10 à 20 mètres,Simple,Cordée à lancéolée,Entier,Alternée,Blanc crème à rose,Campanulée,Follicule,Pivotante,"['- Ornemental: Utilisé dans les jardins et parcs pour son feuillage persistant et sa résistance à la sécheresse.', '- Écologique: Utilisé pour la reforestation et la stabilisation des sols dans les régions arides.']"
espèce29,Washingtonia filifera,Palmier de Californie,Ang_Lil_Are_Was,,,"['Californie', 'Arizona', 'Mexique']",,Printemps à été,Printemps,Été,Fin été à début automne,,Persistant,Angiosperme,Liliopsida,Arecales,Arecaceae,Washingtonia,Arbre,15-20 mètres,Palmées,En éventail,Entier,Rosette,Blanc crème,Inflorescence en panicule,Drupe,Fasciculée,['- Ornemental: Utilisé dans les jardins et les parcs pour son aspect tropical et sa résistance à la sécheresse.']
espèce30,Cestrum parqui,Chèvrefeuille du Chili,Ang_Mag_Sol_Ces,,,"['Chili', 'Argentine', 'Pérou']",Mars,Avril à Septembre,Juin à Août,Août à Octobre,Septembre à Novembre,Novembre à Décembre,Persistant,Angiosperme,Magnoliopsida,Solanales,Solanaceae,Cestrum,Arbuste,2 à 3 mètres,Simple,Lancéolée,Entier,Opposé,Jaune verdâtre,Tubulaire,Baie,Fasciculée,"['- Ornemental: Utilisé dans les jardins pour ses fleurs parfumées et son feuillage persistant.', '- Médicinal: Utilisé traditionnellement pour ses propriétés analgésiques et anti-inflammatoires, bien que toxique.']"
espèce31,Ficus carica,Figuier commun,Ang_Mag_Mor_Fic,تين,['Karmous'],"['Asie occidentale', 'Méditerranée']",Mars à avril,Avril à septembre,Mai à juin,Juillet à septembre,Août à octobre,Novembre à décembre,Caduc,Angiosperme,Magnoliopsida,Rosales,Moraceae,Ficus,Arbre,3 à 10 mètres,Simple,Lobée,Dentée,Alterne,Inconspicue (fleurs à l'intérieur du sycone),Inflorescence en sycone,Sycone (figue),Pivotante avec racines latérales,"['- Culinaire: Les figues sont consommées fraîches ou séchées et utilisées dans de nombreuses recettes sucrées et salées.', '- Médicinal: Utilisé traditionnellement pour ses propriétés laxatives et digestives.', '- Ornemental: Cultivé pour son feuillage décoratif et ses fruits attrayants.']"
espèce32,Ligustrum japonicum,Troène du Japon,Ang_Mag_Ole_Lig,,,"['Japon', 'Corée', 'Chine']",Mars à avril,Avril à septembre,Mai à juin,Juillet à septembre,Septembre à octobre,,Persistant,Angiosperme,Magnoliopsida,Lamiales,Oleaceae,Ligustrum,Arbuste,2 à 4 mètres,Simple,Ovale,Entier,Opposé,Blanc,Petites fleurs en panicules,Drupe,Fasciculé,"['- Ornemental: Utilisé pour les haies et les bordures en raison de son feuillage persistant et de sa croissance dense.', '- Écologique: Fournit un habitat pour les oiseaux et les insectes.']"
espèce33,Euonymus fortunei,Fusain de Fortune,Ang_Mag_Cel_Euo,,,"['Chine', 'Corée', 'Japon']",Mars à Avril,Avril à Septembre,Juin à Juillet,Août à Octobre,Octobre à Novembre,Persistant,Persistant,Angiosperme,Magnoliopsida,Celastrales,Celastraceae,Euonymus,Arbuste,0.5 à 3 mètres,Simple,Ovale à elliptique,Denté,Opposé,Vert pâle,Petites fleurs en cymes,Capsule,Fasciculé,"['- Ornemental: Utilisé pour la couverture du sol, les haies et les bordures en raison de son feuillage persistant et de sa capacité à grimper.', '- Écologique: Fournit un habitat pour la faune et contribue à la biodiversité dans les jardins.']"
espèce34,Syagrus romanzoffiana,Palmier de la reine,Ang_Lil_Are_Sya,,,"['Brésil', 'Argentine', 'Paraguay', 'Uruguay']",,Printemps à été,Été,Automne,Hiver,,Persistant,Angiosperme,Liliopsida,Arecales,Arecaceae,Syagrus,Arbre,Jusqu'à 15 mètres,Pinné,Lancéolé,Entier,Rosette,Blanc crème,Inflorescence en panicule,Drupe,Fasciculé,"['- Ornemental: Utilisé dans les jardins et les parcs pour son aspect esthétique et sa résistance aux conditions urbaines.', '- Écologique: Fournit un habitat et une source de nourriture pour la faune locale, notamment les oiseaux.']"
espèce35,Rosa × odorata,Rosier odorant,Ang_Mag_Ros_Ros,,,['Chine'],Mars à avril,Avril à septembre,Mai à octobre,Août à novembre,Septembre à novembre,Novembre à décembre,Caduc,Angiosperme,Magnoliopsida,Rosales,Rosaceae,Rosa,Arbuste,1 à 2 mètres,Composées,Ovale,Dentelé,Alternée,"Rose, blanc, jaune",Simple à double,Cynorrhodon,Fasciculée,"['- Ornemental: Utilisé dans les jardins pour ses fleurs parfumées et sa longue période de floraison.', '- Médicinal: Les cynorrhodons sont parfois utilisés en phytothérapie pour leurs propriétés antioxydantes.']"
espèce36,Rosa × odorata,Rosier odorant,Ang_Mag_Ros_Ros,,,['Chine'],Mars à avril,Avril à septembre,Mai à octobre,Août à novembre,Septembre à novembre,Novembre à décembre,Caduc,Angiosperme,Magnoliopsida,Rosales,Rosaceae,Rosa,Arbuste,1 à 2 mètres,Composées,Ovale,Denté,Alternée,"Rose, blanc, jaune",Simple à double,Cynorhodon,Fasciculée,"['- Ornemental: Utilisé dans les jardins pour ses fleurs parfumées et sa longue période de floraison.', '- Médicinal: Les cynorhodons sont parfois utilisés en phytothérapie pour leurs propriétés antioxydantes.']"
espèce37,Yucca gigantea,Yucca géant,Ang_Lil_Asp_Yuc,,,"['Mexique', 'Amérique centrale']",,Printemps à été,Été,,,,Persistant,Angiosperme,Liliopsida,Asparagales,Asparagaceae,Yucca,Arbre,Jusqu'à 10 mètres,Simple,Lancéolée,Entier,Rosette,Blanc,Inflorescence en panicule,Capsule,Fasciculée,"['- Ornemental: Utilisé dans les jardins et les aménagements paysagers pour son apparence exotique et sa résistance à la sécheresse.', '- Écologique: Peut être utilisé pour la stabilisation des sols dans les régions arides.']"
espèce38,Platycladus orientalis,Thuya de Chine,Gym_Pin_Cup_Pla,صنوبر شرقي,,"['Chine', 'Corée', 'Japon', 'Russie (Extrême-Orient)']",Mars à avril,Avril à septembre,Avril à mai,Août à octobre,Octobre à novembre,,Persistant,Gymnosperme,Pinopsida,Pinales,Cupressaceae,Platycladus,Arbre,10 à 20 mètres,Aiguilles,Écaille,Entier,Opposé,Non applicable (conifère),Cônes mâles et femelles distincts,Cône,Pivotante,"['- Ornemental: Utilisé dans les jardins et parcs pour sa forme conique et son feuillage persistant.', '- Écologique: Peut être utilisé pour la stabilisation des sols et comme brise-vent.']"
espèce39,Cestrum nocturnum,Jasmin de nuit,Ang_Mag_Sol_Ces,,,"['Amérique centrale', 'Caraïbes']",Mars-Avril,Printemps-Été,Été,Automne,Fin Automne,Persistant,Persistant,Angiosperme,Magnoliopsida,Solanales,Solanaceae,Cestrum,Arbuste,2-4 mètres,Simple,Lancéolée,Entier,Alternée,Blanc crème,Tubulaire,Baie,Fasciculée,"['- Ornemental: Utilisé pour ses fleurs parfumées qui embaument les jardins la nuit.', '- Écologique: Attire les pollinisateurs nocturnes tels que les papillons de nuit.']"
espèce40,Citrus × aurantium,Oranger amer,Ang_Mag_Rut_Cit,النارنج,['الزنبوع'],"['Asie du Sud-Est', 'Inde', 'Chine']",Mars,Avril à Septembre,Avril à Mai,Octobre à Décembre,Décembre à Février,Persistant,Persistant,Angiosperme,Magnoliopsida,Sapindales,Rutaceae,Citrus,Arbre,5 à 10 mètres,Simple,Ovale,Dentelé,Alternée,Blanc,Fleurs hermaphrodites,Hespéride,Pivotante,"['- Médicinal: Utilisé pour ses propriétés sédatives et digestives.', ""- Culinaire: Utilisé pour la fabrication de marmelades et l'aromatisation de liqueurs."", '- Ornemental: Cultivé pour ses fleurs parfumées et ses fruits décoratifs.']"
espèce41,Pelargonium zonale,Géranium zonal,Ang_Mag_Ger_Pel,,,['Afrique du Sud'],Mars à avril,Avril à septembre,Mai à octobre,Juin à novembre,Juillet à novembre,Novembre à décembre,Persistant,Angiosperme,Magnoliopsida,Geraniales,Geraniaceae,Pelargonium,Arbuste,30 à 90 cm,Simple,Ronde à réniforme,Lobé,Alternée,"Rose, rouge, blanc, violet",Inflorescence en ombelle,Capsule,Fasciculée,"['- Ornemental: Utilisé pour la décoration des jardins et des balcons en raison de ses fleurs colorées et de son feuillage attrayant.', '- Médicinal: Utilisé dans certaines médecines traditionnelles pour ses propriétés antiseptiques et anti-inflammatoires.']"
espèce42,Cotyledon orbiculata,Cotylédon orbiculé,Ang_Eud_Cra_Cot,,,['Afrique du Sud'],,Printemps à été,Été,,,,Persistant,Angiosperme,Eudicots,Saxifragales,Crassulaceae,Cotyledon,Succulente,0.3 à 1.5 mètres,Succulentes,Orbiculaires à elliptiques,Entier,Opposé,"Orange, rouge",Tubulaire,Capsule,Fibreux,"[""- Ornemental: Utilisée dans les jardins de rocaille et comme plante d'intérieur pour son feuillage attrayant et ses fleurs colorées."", '- Médicinal: Utilisée en médecine traditionnelle pour traiter les infections et les inflammations.']"
espèce43,Euphorbia cooperi,Euphorbe de Cooper,Ang_Mag_Eup_Eup,,,"['Afrique du Sud', 'Zimbabwe', 'Mozambique']",,Printemps à été,Printemps,Été,,,Persistant,Angiosperme,Magnoliopsida,Malpighiales,Euphorbiaceae,Euphorbia,Arbuste,Jusqu'à 4 mètres,Simple,Ovale,Entier,Alternée,Jaune,Inflorescence en cyathes,Capsule,Pivotante,"['- Ornemental: Utilisée dans les jardins pour son apparence unique et sa résistance à la sécheresse.', '- Médicinal: Utilisée traditionnellement pour ses propriétés médicinales, notamment dans le traitement de certaines affections cutanées.']"
espèce44,Punica granatum,Grenadier,Ang_Eud_Lyt_Pun,رمان,['Rumman'],"['Iran', 'Afghanistan', 'Inde', 'Méditerranée']",Mars à avril,Avril à septembre,Mai à juin,Juillet à octobre,Septembre à octobre,Novembre à décembre,Caduc,Angiosperme,Eudicots,Myrtales,Lythraceae,Punica,Arbuste,3 à 5 mètres,Simple,Lancéolée,Entier,Opposée,Rouge vif,Tubulaire avec de nombreuses étamines,Baie,Pivotante,"['- Culinaire: Les graines sont consommées fraîches ou utilisées pour produire du jus de grenade.', '- Médicinal: Utilisé pour ses propriétés antioxydantes et anti-inflammatoires.', '- Ornemental: Cultivé pour ses fleurs décoratives et son feuillage.']"
espèce45,Trichocereus macrogonus,Cactus San Pedro,Ang_Mag_Cac_Tri,,,"['Pérou', 'Bolivie']",,Printemps à été,Été,,,,Persistant,Angiosperme,Magnoliopsida,Caryophyllales,Cactaceae,Trichocereus,Cactus,Jusqu'à 6 mètres,Aiguillons,,,,Blanc,"Fleurs nocturnes, grandes et parfumées",Baie,Pivotante,"['- Médicinal: Utilisé traditionnellement pour ses propriétés psychoactives et spirituelles.', '- Ornemental: Cultivé pour sa beauté et sa résistance dans les jardins de cactus.']"
espèce46,Kroenleinia grusonii,Coussin de belle-mère,Ang_Mag_Cac_Kro,,,['Mexique'],,Printemps à été,Printemps,,,,Persistant,Angiosperme,Magnoliopsida,Caryophyllales,Cactaceae,Kroenleinia,Cactus,Jusqu'à 1 mètre,Aiguillons,,,,Jaune,Fleurs solitaires,Baie,Racines fibreuses,['- Ornemental: Utilisé dans les jardins de cactus et les aménagements paysagers pour sa forme sphérique et ses épines dorées.']
espèce47,Musa × paradisiaca,Banane plantain,Ang_Lil_Mus_Mus,موز,,"['Asie du Sud-Est', 'Inde', ""Afrique de l'Ouest""]",Mars à avril,Toute l'année dans les climats tropicaux,Toute l'année dans les climats tropicaux,Toute l'année dans les climats tropicaux,9 à 12 mois après la floraison,Non applicable (plante à feuillage persistant),Persistant,Angiosperme,Liliopsida,Zingiberales,Musaceae,Musa,Herbacée,3 à 7 mètres,Simple,Oblongue,Entier,Spirale,Jaune à violet,Inflorescence en épi,Baie,Rhizome,"['- Culinaire: Utilisé comme aliment de base dans de nombreuses cuisines tropicales, souvent frit, bouilli ou cuit à la vapeur.', '- Industriel: Les fibres de bananier sont utilisées pour fabriquer des textiles et des cordages.', '- Médicinal: Utilisé dans certaines médecines traditionnelles pour traiter divers maux.']"
espèce48,Rhaphiolepis bibas,Néflier du Japon,Ang_Mag_Ros_Rha,,,"['Chine', 'Japon']",Mars,Avril à Septembre,Octobre à Novembre,Janvier à Mars,Mars à Avril,,Persistant,Angiosperme,Magnoliopsida,Rosales,Rosaceae,Rhaphiolepis,Arbuste,3 à 5 mètres,Simple,Elliptique,Denté,Alternée,Blanc à rose pâle,Inflorescence en panicule,Drupe,Pivotante,"['- Ornemental: Utilisé dans les jardins pour son feuillage persistant et ses fleurs décoratives.', '- Culinaire: Les fruits sont comestibles et peuvent être consommés frais ou utilisés en confitures.']"
espèce49,Cydonia oblonga,Cognassier,Ang_Mag_Ros_Cyd,سفرجل,['Safarjal'],"['Asie du Sud-Ouest', 'Caucase', 'Iran']",Mars à avril,Avril à septembre,Mai,Septembre à octobre,Octobre à novembre,Novembre,Caduc,Angiosperme,Magnoliopsida,Rosales,Rosaceae,Cydonia,Arbre,3 à 5 mètres,Simples,Ovale,Dentelé,Alterne,Blanc à rose pâle,Fleurs solitaires,Pomme,Pivotante,"['- Culinaire: Les fruits du cognassier sont utilisés pour faire des gelées, des confitures et des pâtes de fruits.', '- Médicinal: Traditionnellement utilisé pour ses propriétés astringentes et digestives.', '- Ornemental: Cultivé pour ses belles fleurs et son feuillage attrayant.']"
espèce50,Morus nigra,Mûrier noir,Ang_Mag_Mor_Mor,توت أسود,,"['Asie occidentale', 'Iran']",Mars à avril,Avril à septembre,Mai à juin,Juin à août,Juillet à août,Octobre à novembre,Caduc,Angiosperme,Magnoliopsida,Rosales,Moraceae,Morus,Arbre,10 à 15 mètres,Simple,Cordée,Denté,Alterne,Vert jaunâtre,Inflorescence en chaton,Multiple (sorose),Pivotante,"['- Médicinal: Utilisé pour ses propriétés antioxydantes et anti-inflammatoires.', '- Culinaire: Les fruits sont consommés frais, en confitures, ou en jus.', '- Ornemental: Planté pour son feuillage dense et ses fruits décoratifs.']"
espèce51,Ficus microcarpa,Figuier à petits fruits,Ang_Mag_Mor_Fic,فيكس ميكروكاربا,,"['Asie du Sud-Est', 'Australie', 'Inde', 'Chine', 'Malaisie']",Mars à Avril,Avril à Septembre,Mai à Juin,Juillet à Août,Août à Septembre,,Persistant,Angiosperme,Magnoliopsida,Rosales,Moraceae,Ficus,Arbre,15 à 25 mètres,Simple,Ovale,Entier,Alternée,Inconspicue,Inflorescence en sycone,Sycone,Racines aériennes et racines pivotantes,"[""- Ornemental: Utilisé comme plante d'intérieur et pour l'aménagement paysager en raison de son feuillage dense et de sa capacité à être taillé en bonsaï."", ""- Écologique: Fournit un habitat pour diverses espèces d'oiseaux et d'insectes.""]"
espèce52,Agave salmiana,Agave de Salm,Ang_Lil_Asp_Aga,,,['Mexique'],,Printemps à été,Été,Fin été à automne,,,Persistant,Angiosperme,Liliopsida,Asparagales,Asparagaceae,Agave,Succulente,"Jusqu'à 1,5 mètre",Succulentes,Lancéolée,Denticule,Rosette,Jaune à vert,Inflorescence en panicule,Capsule,Fasciculée,"['- Ornemental: Utilisé dans les jardins pour sa forme architecturale et sa résistance à la sécheresse.', ""- Industriel: Utilisé pour la production de fibres et de sirop d'agave.""]"
espèce53,Dracaena draco,Dragonnier des Canaries,Ang_Lil_Asp_Dra,,,"['Îles Canaries', 'Cap-Vert', 'Madère', 'Ouest du Maroc']",,Printemps à été,Printemps,Été,Fin de l'été,,Persistant,Angiosperme,Liliopsida,Asparagales,Asparagaceae,Dracaena,Arbre,Jusqu'à 12 mètres,Simple,Lancéolée,Entier,Rosette,Blanc verdâtre,Inflorescence en panicule,Baie,Fasciculée,"['- Ornemental: Utilisé comme plante ornementale dans les jardins et parcs pour son aspect exotique et sa silhouette distinctive.', ""- Médicinal: La sève, appelée 'sang de dragon', est utilisée en médecine traditionnelle pour ses propriétés cicatrisantes et anti-inflammatoires.""]"
espèce54,Phoenix dactylifera,Palmier dattier,Ang_Lil_Are_Pho,نخلة التمر,['Tmar'],"['Moyen-Orient', 'Afrique du Nord']",Mars à avril,Avril à septembre,Avril à mai,Mai à octobre,Août à octobre,Persistant,Persistant,Angiosperme,Liliopsida,Arecales,Arecaceae,Phoenix,Arbre,15 à 25 mètres,Pinnées,Lancéolée,Entier,Rosette,Blanc crème,Inflorescence en panicule,Drupe,Fasciculée,"['- Culinaire: Les dattes sont consommées fraîches ou séchées et utilisées dans de nombreuses recettes.', '- Médicinal: Utilisées dans la médecine traditionnelle pour leurs propriétés énergétiques et digestives.', ""- Ornemental: Utilisé dans l'aménagement paysager pour son aspect esthétique."", '- Industriel: Les fibres de palmier sont utilisées pour fabriquer des cordes et des paniers.']"
espèce55,Olea europaea,Olivier,Ang_Dic_Ole_Ole,زيتون,['Zitoune'],"['Méditerranée', 'Asie occidentale', 'Afrique du Nord']",Mars à avril,Avril à septembre,Mai à juin,Juin à novembre,Octobre à novembre,Persistant,Persistant,Angiosperme,Dicotylédones,Lamiales,Oleaceae,Olea,Arbre,5 à 10 mètres,Simple,Lancéolée,Entier,Opposée,Blanc crème,Petites fleurs en grappes,Drupe,Pivotante,"[""- Culinaire: Les olives et l'huile d'olive sont largement utilisées dans la cuisine méditerranéenne."", ""- Médicinal: L'huile d'olive est utilisée pour ses propriétés antioxydantes et anti-inflammatoires."", ""- Ornemental: L'olivier est souvent planté pour son aspect esthétique dans les jardins."", ""- Industriel: L'huile d'olive est utilisée dans la fabrication de cosmétiques et de savons.""]"
espèce56,Brachychiton acerifolius,Brachychiton à feuilles d'érable,Ang_Eud_Mal_Bra,,,['Australie'],Septembre à octobre,Printemps à été,Octobre à décembre,Décembre à février,Février à mars,"Variable, souvent en hiver",Caduc,Angiosperme,Eudicots,Malvales,Malvaceae,Brachychiton,Arbre,Jusqu'à 30 mètres,Simple,Palmé,Lobé,Alternée,Rouge vif,Fleurs en cloche,Capsule,Pivotante,"[""- Ornemental: Utilisé pour ses fleurs spectaculaires et sa capacité à apporter de l'ombre."", '- Écologique: Fournit un habitat pour les oiseaux et les insectes.']"
espèce57,Persea americana,Avocatier,Ang_Mag_Lau_Per,الأفوكادو,['زيتون مْكَيّس'],"['Mexique', 'Amérique centrale']",Mars à avril,Printemps à été,Mars à mai,Mai à septembre,Septembre à novembre,Persistant,Persistant,Angiosperme,Magnoliopsida,Laurales,Lauraceae,Persea,Arbre,10 à 20 mètres,Simple,Elliptique,Entier,Alternée,Vert jaunâtre,Petites fleurs en panicules,Drupe,Pivotante,"['- Culinaire: Utilisé pour ses fruits riches en nutriments, consommés frais ou en guacamole.', ""- Médicinal: L'huile d'avocat est utilisée pour ses propriétés hydratantes et anti-inflammatoires."", '- Ornemental: Cultivé dans les jardins pour son feuillage persistant et son port élégant.']"
espèce58,Melia azedarach,Lilas de Perse,Ang_Mag_Mel_Mel,الزنزلخت,['زنبوع'],"['Asie du Sud', 'Australie', 'Pacifique Sud']",Mars,Avril à Septembre,Avril à Mai,Juin à Août,Septembre à Octobre,Novembre à Décembre,Caduc,Angiosperme,Magnoliopsida,Sapindales,Meliaceae,Melia,Arbre,10 à 15 mètres,Composées,Pinnées,Dentelée,Opposée,Violet pâle,Panicules,Drupe,Pivotante,"[""- Ornemental: Utilisé pour l'ornementation des parcs et jardins en raison de son feuillage et de ses fleurs attrayantes."", '- Médicinal: Utilisé dans la médecine traditionnelle pour ses propriétés antiparasitaires et anti-inflammatoires.', '- Écologique: Peut être utilisé pour la reforestation et la stabilisation des sols.']"
espèce59,Ipomoea arborescens,Ipomée en arbre,Ang_Mag_Con_Ipo,,,"['Mexique', 'Amérique centrale']",Mars,Avril à Septembre,Octobre à Février,Février à Mars,Mars,Février à Mars,Caduc,Angiosperme,Magnoliopsida,Solanales,Convolvulaceae,Ipomoea,Arbre,Jusqu'à 10 mètres,Simple,Ovale à lancéolée,Entier,Alternée,Blanc à crème,Fleurs en entonnoir,Capsule,Pivotante,"[""- Ornemental: Utilisé pour l'ornementation en raison de ses grandes fleurs attrayantes."", ""- Écologique: Fournit de l'habitat et de la nourriture pour les pollinisateurs.""]"
espèce60,Iris florentina,Iris de Florence,Ang_Lil_Iri_Iri,,,"['Italie', 'Europe du Sud']",Mars,Avril à Juin,Mai à Juin,Juillet à Août,Août,Octobre,Caduc,Angiosperme,Liliopsida,Asparagales,Iridaceae,Iris,Herbacée,60-90 cm,Simple,Linéaire,Entier,Rosette basale,Blanc à bleu pâle,Fleur à trois pétales et trois sépales,Capsule,Rhizome,"['- Ornemental: Utilisé dans les jardins pour ses fleurs attrayantes.', ""- Médicinal: Historiquement utilisé pour ses propriétés médicinales, notamment dans la fabrication de l'orris, une poudre parfumée.""]"
espèce61,Bougainvillea × buttiana,Bougainvillée,Ang_Eud_Nyc_Bou,,,['Amérique du Sud'],Mars à avril,Printemps à été,Printemps à automne,N/A,N/A,N/A,Persistant,Angiosperme,Eudicots,Caryophyllales,Nyctaginaceae,Bougainvillea,Arbuste grimpant,Jusqu'à 10 mètres,Simple,Ovale,Entier,Opposée,"Rose, pourpre, rouge, orange",Inflorescence en cyme,N/A,Fasciculée,['- Ornemental: Utilisé pour la décoration des jardins et des murs en raison de ses couleurs vives et de sa capacité à grimper.']
espèce62,Cupressus sempervirens,Cyprès toujours vert,Gym_Pin_Cup_Cup,السرو دائم الخضرة,,"['Méditerranée orientale', 'Asie occidentale']",Mars à avril,Printemps à été,Mars à mai,Automne,1 à 2 ans après la pollinisation,,Persistant,Gymnosperme,Pinopsida,Pinales,Cupressaceae,Cupressus,Arbre,20 à 30 mètres,Aiguilles,Écaille,Lisse,Opposée,Jaune,Cônes mâles et femelles séparés sur le même arbre,Cône,Pivotante,"['- Ornemental: Utilisé dans les jardins et les parcs pour sa forme élancée et sa verdure persistante.', '- Écologique: Utilisé pour la stabilisation des sols et comme brise-vent.', '- Industriel: Le bois est utilisé pour la menuiserie et la construction.']"
espèce63,Hesperocyparis lusitanica,Cyprès du Portugal,Gym_Pin_Cup_Hes,,,"['Mexique', 'Amérique centrale']",,,Printemps,,,,Persistant,Gymnosperme,Pinopsida,Pinales,Cupressaceae,Hesperocyparis,Arbre,Jusqu'à 30 mètres,Aiguilles,Écaille,Lisse,Opposée,Non applicable (conifère),Cônes mâles et femelles séparés,Cône,Pivotante,"['- Ornemental: Utilisé dans les jardins et parcs pour sa forme conique et son feuillage persistant.', '- Écologique: Planté pour la reforestation et comme brise-vent.']"
espèce64,Prunus tenella,Amandier nain,Ang_Mag_Ros_Pru,,,"[""Europe de l'Est"", 'Asie centrale']",Mars à avril,Avril à septembre,Avril à mai,Juin à juillet,Juillet à août,Octobre à novembre,Caduc,Angiosperme,Magnoliopsida,Rosales,Rosaceae,Prunus,Arbuste,0.5 à 1.5 mètres,Simples,Lancéolées,Dentelées,Alterne,Rose,Fleurs solitaires ou en petits groupes,Drupe,Pivotante,"['- Ornemental: Utilisé dans les jardins pour ses belles fleurs roses et sa petite taille adaptée aux petits espaces.', '- Écologique: Attire les pollinisateurs tels que les abeilles et les papillons.']"
espèce65,Phoenix dactylifera,Palmier dattier,Ang_Lil_Are_Pho,نخلة التمر,['Tmar'],"['Moyen-Orient', 'Afrique du Nord']",Mars à avril,Printemps à été,Avril à mai,Juin à septembre,Août à octobre,,Persistant,Angiosperme,Liliopsida,Arecales,Arecaceae,Phoenix,Arbre,15 à 25 mètres,Pinnées,Lancéolées,Entier,Rosette,Blanc crème,Inflorescence en panicule,Drupe,Fasciculée,"['- Culinaire: Les dattes sont consommées fraîches ou séchées et utilisées dans de nombreuses recettes sucrées et salées.', '- Médicinal: Les dattes sont riches en fibres, vitamines et minéraux, et sont utilisées pour leurs propriétés énergétiques et digestives.', ""- Ornemental: Le palmier dattier est utilisé dans l'aménagement paysager pour son aspect tropical et sa résistance à la sécheresse."", ""- Industriel: Les fibres des feuilles et du tronc sont utilisées pour fabriquer des cordes, des paniers et d'autres produits artisanaux.""]"
espèce66,Ficus elastica,Figuier caoutchouc,Ang_Mag_Mor_Fic,فيكس إيلاستيكا,,"['Inde', 'Indonésie', 'Népal', 'Bhoutan', 'Birmanie', 'Malaisie']",,Toute l'année dans les climats tropicaux,,,,,Persistant,Angiosperme,Magnoliopsida,Rosales,Moraceae,Ficus,Arbre,Jusqu'à 30-40 mètres dans son habitat naturel,Simple,Ovale à elliptique,Entier,Alterne,Inconspicue,Inflorescence en sycone,Sycone,Racines aériennes et adventives,"[""- Ornemental: Utilisé comme plante d'intérieur populaire pour son feuillage brillant et sa capacité à purifier l'air."", '- Industriel: Source de latex utilisé pour produire du caoutchouc.']"
espèce67,Washingtonia filifera,Palmier de Californie,Ang_Lil_Are_Was,,,"['Californie', 'Arizona', 'Mexique']",,Printemps à été,Printemps,Été,Fin été à début automne,Persistant,Persistant,Angiosperme,Liliopsida,Arecales,Arecaceae,Washingtonia,Arbre,15-20 mètres,Palmées,Palmées,Dentelé,Rosette,Blanc crème,Inflorescence en panicule,Drupe,Fasciculée,"['- Ornemental: Utilisé dans les jardins et les parcs pour son aspect tropical et sa résistance à la sécheresse.', '- Écologique: Fournit un habitat pour la faune locale, notamment les oiseaux et les insectes.']"
espèce68,Salvia fruticosa,Sauge de Crète,Ang_Mag_Lam_Sal,المريمية,['مرامية'],"['Méditerranée orientale', 'Crète', 'Chypre', 'Turquie']",Mars,Mars à septembre,Avril à juin,Juin à juillet,Juillet,Persistant,Persistant,Angiosperme,Magnoliopsida,Lamiales,Lamiaceae,Salvia,Arbuste,0.5 à 1.5 mètre,Simple,Ovale à lancéolée,Denté,Opposé,Violet pâle à rose,Fleurs bilabiées en verticilles,Akène,Racine pivotante,"['- Médicinal: Utilisée pour ses propriétés anti-inflammatoires, antioxydantes et antimicrobiennes.', '- Culinaire: Les feuilles sont utilisées comme herbe aromatique dans la cuisine méditerranéenne.', '- Ornemental: Cultivée pour ses fleurs attrayantes et son feuillage aromatique.']"
espèce69,Schinus molle,Faux-poivrier,Ang_Mag_Ana_Sch,فلفل بورق,['تازودا'],"['Amérique du Sud', 'Pérou', 'Argentine', 'Chili']",Mars à Avril,Avril à Septembre,Mai à Juillet,Août à Octobre,Octobre à Novembre,Persistant,Persistant,Angiosperme,Magnoliopsida,Sapindales,Anacardiaceae,Schinus,Arbre,Jusqu'à 15 mètres,Composées pennées,Lancéolées,Dentelée,Alternée,Blanc crème,Petites fleurs en panicules,Drupe,Pivotante,"[""- Ornemental: Utilisé pour l'ornementation des jardins et des espaces publics en raison de son feuillage persistant et de son port pleureur."", '- Médicinal: Utilisé en médecine traditionnelle pour ses propriétés antiseptiques et anti-inflammatoires.', '- Culinaire: Les baies sont utilisées comme substitut du poivre.']"
espèce70,Ficus retusa,Figuier à petites feuilles,Ang_Mag_Mor_Fic,تين صغير الأوراق,,"['Asie du Sud-Est', 'Malaisie', 'Indonésie', 'Philippines']",Mars à avril,Printemps à été,Printemps,Été,Fin été,N/A (plante à feuillage persistant),Persistant,Angiosperme,Magnoliopsida,Rosales,Moraceae,Ficus,Arbre,Jusqu'à 10 mètres en milieu naturel,Simple,Elliptique,Entier,Alternée,Inconspicue (fleurs à l'intérieur du sycone),Inflorescence en sycone,Sycone,Racines aériennes et racines pivotantes,"[""- Ornemental: Utilisé comme plante d'intérieur ou bonsaï en raison de son feuillage dense et de sa capacité à être taillé."", ""- Écologique: Contribue à la biodiversité en fournissant de la nourriture pour certaines espèces d'insectes et d'oiseaux.""]"
espèce71,Nerium oleander,Laurier-rose,Ang_Mag_Apo_Ner,دفلى,,"['Méditerranée', 'Asie du Sud-Ouest']",Mars à avril,Avril à septembre,Mai à octobre,Juillet à novembre,Septembre à novembre,,Persistant,Angiosperme,Magnoliopsida,Gentianales,Apocynaceae,Nerium,Arbuste,2 à 6 mètres,Simple,Lancéolée,Entier,Opposée ou verticillée,"Rose, blanc, rouge, jaune",Inflorescence en corymbe,Follicule,Pivotante,"['- Ornemental: Utilisé dans les jardins et parcs pour ses fleurs attrayantes et son feuillage persistant.', '- Médicinal: Contient des composés utilisés en médecine traditionnelle, mais la plante est toxique et doit être manipulée avec précaution.']"
espèce72,Carpobrotus acinaciformis,Griffe de sorcière,Ang_Mag_Aiz_Car,,,['Afrique du Sud'],Mars,Printemps à été,Printemps à été,Été,Fin été,,Persistant,Angiosperme,Magnoliopsida,Caryophyllales,Aizoaceae,Carpobrotus,Plante succulente,Jusqu'à 30 cm,Succulentes,En forme de sabre,Lisse,Opposée,Rose à pourpre,"Solitaire, grande et voyante",Baie,Racinaire,"['- Ornemental: Utilisée pour la couverture du sol dans les jardins méditerranéens.', ""- Écologique: Plante utilisée pour stabiliser les sols sablonneux et prévenir l'érosion.""]"
espèce73,Ficus carica,Figuier commun,Ang_Mag_Mor_Fic,تين,['Karmous'],"['Asie du Sud-Ouest', 'Méditerranée']",Mars à avril,Avril à septembre,Mai à juin,Juillet à septembre,Août à octobre,Novembre à décembre,Caduc,Angiosperme,Magnoliopsida,Rosales,Moraceae,Ficus,Arbre,3 à 10 mètres,Simples,Lobées,Dentelée,Alterne,Inconspicue (fleurs à l'intérieur du sycone),Inflorescence en sycone,Sycone (figue),Pivotante,"['- Culinaire: Les figues sont consommées fraîches ou séchées et utilisées dans de nombreuses recettes sucrées et salées.', '- Médicinal: Utilisé en médecine traditionnelle pour ses propriétés laxatives et digestives.', '- Ornemental: Cultivé pour son feuillage décoratif et ses fruits attrayants.']"
